,,,,,,,,
761302,0.5559835638651841,0,1931315,0.5086060698740152,1007644,0.5109522981418303,1632983,0.5123757023694965
1259280,0.552724478232373,3,17376406,0.5222230118638592,18687670,0.5445083143245028,1259280,0.552724478232373
2235515,0.44990958093851896,1,16250296,0.5650565043105329,15511886,0.5650565043105329,2359167,0.5651251642000155
2748550,0.4897636900954265,3,15020558,0.48374474686600066,1700591,0.48529463786779925,2748550,0.4897636900954265
2713235,0.37680676797419005,1,2713235,0.37680676797419005,1890349,0.49435008307447303,7301873,0.5030763068867108
2235385,0.5776451581863898,0,11796331,0.5695217790123368,9000782,0.5695217790123368,9009219,0.5765912625886392
4907676,0.5250187844209301,0,2231265,0.555984723217262,6520720,0.5675187544739702,306692,0.5709587192221401
2118348,0.4870713357321579,1,2118348,0.4870713357321579,1687531,0.5069194360410328,4590220,0.5186375336614082
17586543,0.25754895631288627,1,17586543,0.25754895631288627,7142630,0.49160784514720224,5589817,0.4983478277213246
1973599,0.5460235713607942,0,4378022,0.527051255271592,656502,0.5297405176291236,168623,0.5327655988789578
12090418,0.6469903594671156,0,14881892,0.492389916880581,18572357,0.5070201436634997,10785483,0.5167312803754021
2684540,0.5573892965395365,1,2684540,0.5573892965395365,670329,0.5839122314797266,3164473,0.5869788157009151
1450604,0.560656214454888,0,236695,0.5344196963488823,3122673,0.5413351476126455,4879801,0.5446717975686819
1411102,0.5529893850366444,0,2945543,0.46335918823437733,2732442,0.4662113271842651,3510760,0.4731885396724278
6883157,0.5673613868757647,0,15419467,0.4159894067112541,18278292,0.422442768053138,18386592,0.4427821718308663
1346418,0.49695536017986486,0,16834681,0.42720562520500194,10998486,0.42720562520500194,18769299,0.42720562520500194
972173,0.5004318333069194,1,972173,0.5004318333069194,6970097,0.5307754060400695,12833987,0.5381487940903439
692326,0.67373080266677,0,11789930,0.41225737732818524,2278245,0.41225737732818546,18827111,0.4440496488238952
2222714,0.45992655947395694,1,2222714,0.45992655947395694,13595068,0.49870146629293466,8521625,0.49870146629293466
808351,0.3843591831443711,1,808351,0.3843591831443711,683715,0.5199455332776522,14868448,0.5344277217032605
1456419,0.5336995074065841,0,1643322,0.5305409539870083,16702034,0.5327806191138441,18938713,0.5327806191138441
69314,0.6196538565872626,0,1926535,0.5609241172706878,7649996,0.5635557527413851,1618862,0.5652195972998548
3051768,0.5835170949279211,0,930251,0.5114464311872268,5559730,0.5209517156267578,2922536,0.5238581308832567
13362448,0.33780149462471504,1,13362448,0.33780149462471504,3211280,0.43079017624318405,17016710,0.43079017624318405
945128,0.6060531409509377,0,5522458,0.5554262004966104,9382,0.5554262004966116,12943628,0.5562933443853235
682480,0.4570766071037893,2,201499,0.42678639461607665,682480,0.4570766071037893,16286158,0.5160334421220848
860899,0.52175617342993,1,860899,0.52175617342993,15192690,0.5547691024594603,17760341,0.5731756334797566
2527330,0.3457168115368126,1,2527330,0.3457168115368126,5124222,0.5611328949513428,11245914,0.5655890931257419
57424,0.4436105428341548,1,57424,0.4436105428341548,683715,0.4867118501831164,2272405,0.4928068686492994
3034568,0.5557617976521546,1,3034568,0.5557617976521546,3614835,0.5653926373079786,1926535,0.576280862173046
3352824,0.4956760057297827,1,3352824,0.4956760057297827,731796,0.5292636220503365,997909,0.5321336604786897
1435504,0.5688570427811978,0,16623147,0.5440694164924801,1946601,0.5596438623273328,8766358,0.5597521313224254
7233005,0.5126266954791161,0,5896811,0.558200475077915,10770338,0.5629710467091398,9057331,0.5631025837594549
5626135,0.40534589197106197,1,5626135,0.40534589197106197,5606012,0.5288815415276746,9295662,0.532807523033949
3071657,0.2796710967056388,1,3071657,0.2796710967056388,7923654,0.47606734382132404,9112198,0.4760673438213244
6577731,0.5684424918690029,3,847308,0.5669202153088774,1664659,0.5683902954225815,6577731,0.5684424918690029
3382388,0.35091367828048053,0,15352746,0.32867145109983087,8651521,0.32867145109983087,16440226,0.32867145109983087
997696,0.4689621023580343,1,997696,0.4689621023580343,18466668,0.5331068708295712,16972181,0.5331068708295712
1695347,0.5621973396337736,0,2710498,0.532782530978844,16975786,0.5375209284545328,8156401,0.5445638845388516
2630631,0.4621154170415328,1,2630631,0.4621154170415328,5464369,0.5680246043244707,2522093,0.5702816172435831
4546084,0.6180994333296912,0,484911,0.5701537569518198,16079620,0.5783856189294212,763570,0.5789630122915461
4246170,0.40008177867856576,1,4246170,0.40008177867856576,7831063,0.4581953413430034,1997374,0.4679335839984137
799318,0.5254464070214953,1,799318,0.5254464070214953,2830237,0.5565932374765183,163942,0.5623285155729407
3571966,0.2572920387506485,1,3571966,0.2572920387506485,6242038,0.48553460820327404,750093,0.4885441778665206
8973244,0.6270704081798765,0,15983182,0.43520655445130907,16574677,0.4791043487741614,9075943,0.49207238539165876
497336,0.2501735254439197,1,497336,0.2501735254439197,15822958,0.49485607108877705,18025242,0.5175375835031815
2963792,0.6148226866514961,0,5620411,0.5516593413503799,8786454,0.5621416688436052,1334313,0.5629810649330694
2422330,0.4048128935132107,1,2422330,0.4048128935132107,1337671,0.535095755506436,881500,0.537618767119642
1424154,0.5343967214854186,3,3346888,0.5278851831470164,9049864,0.5320235775884066,1424154,0.5343967214854186
1294923,0.5142429158799563,2,2581045,0.5102985775884007,1294923,0.5142429158799563,3540871,0.5170496763300145
2854952,0.4608544877879137,1,2854952,0.4608544877879137,13975914,0.49717626244185587,1337671,0.5088226871403209
14202496,0.5810581082556898,0,3348270,0.5279839600584996,1007644,0.5298991657947639,5606012,0.5337759380035906
5288646,0.5054342113672347,1,5288646,0.5054342113672347,5353407,0.5826445393005613,14699393,0.5848685119761003
929313,0.5535735470705578,0,11791926,0.5342511767350386,3457503,0.5384059961016481,4575532,0.5387341165905929
1945540,0.4951970394656437,1,1945540,0.4951970394656437,545386,0.5705756834472334,1003275,0.5751944949478336
924691,0.3666256317097721,1,924691,0.3666256317097721,9292800,0.4616882794561883,656502,0.4659646364837947
7704506,0.5671232474743192,0,5763088,0.49332571089601845,5391022,0.503217936672327,4437688,0.5053006104839194
123703,0.5129018729512946,1,123703,0.5129018729512946,481448,0.5204743335945772,1949064,0.5301460466777265
6131003,0.5910198540272636,0,18107007,0.5069358099990662,10128163,0.5069358099990662,9820299,0.5069358099990662
8891744,0.5335641287059248,0,15651179,0.47453927536358104,14228279,0.4862932496173551,16815727,0.48957735197064006
4586047,0.32890459930237415,1,4586047,0.32890459930237415,6923085,0.4121997453456111,9337674,0.4198313887468018
1678443,0.38502763438485815,1,1678443,0.38502763438485815,2945543,0.47935705725860783,2530951,0.4801498731833704
1783194,0.49474505491230486,1,1783194,0.49474505491230486,18346048,0.5854341465532422,16508857,0.5873489456127775
2596456,0.4753157760974635,3,17489397,0.4966486054315252,10600033,0.5159222175735012,15803183,0.5159222175735012
2078212,0.5407715534795005,1,2078212,0.5407715534795005,7279598,0.550148395167659,1360175,0.5634009907402225
4583231,0.5670510242995181,0,375434,0.4922499740238615,8766358,0.49431673350109606,186465,0.49553295614312
422471,0.45484571348253067,1,422471,0.45484571348253067,2263543,0.5222969789142173,9331525,0.5294159769509655
18219345,0.6374911236475449,0,11762644,0.5626613230329863,3837604,0.5636966701609684,974621,0.5637492408519168
3277274,0.5684758354857161,0,4879801,0.5302581562758376,4225131,0.5359752413950307,236695,0.5402964814471031
2976906,0.45495428931379195,1,2976906,0.45495428931379195,2709422,0.5551557581443078,16752749,0.5632808180704787
3757657,0.5909206124444504,0,14923197,0.36038187595817384,17237120,0.3740616689663099,13600078,0.40877942035477166
5512932,0.6380557011733553,0,731796,0.5292698379891767,1100880,0.5553924885833331,4879801,0.5583793518571436
1109238,0.41099821129569347,1,1109238,0.41099821129569347,4839878,0.5187326246733506,7162377,0.5270572969973082
272743,0.49370937267867027,0,6694577,0.42465730478585556,8009654,0.42465730478585556,15803183,0.42465730478585556
3141170,0.45279639555837703,0,2474234,0.38978940800520206,15526321,0.38978940800520206,14859954,0.38978940800520206
11179118,0.5835354920600158,2,2061454,0.5689567417273043,11179118,0.5835354920600158,2873133,0.5857171723350446
356693,0.45820791143008993,1,356693,0.45820791143008993,5504956,0.5282525224563279,235307,0.5288536391907059
2951238,0.4956370318574506,1,16994714,0.4536954740524728,4170119,0.486381338434853,1500585,0.49607927374683547
1763873,0.540258139787467,1,1763873,0.540258139787467,1938299,0.5680580460080576,4656293,0.5782199439182035
333818,0.3071291895158713,1,333818,0.3071291895158713,15938370,0.5291679828465427,5869953,0.5472571948166289
250479,0.1909664667139874,1,250479,0.1909664667139874,12478374,0.4708273866848263,15989900,0.47103755441389505
3222374,0.5739646690448367,0,17978631,0.5273319321599426,6362843,0.5273319321599426,12601430,0.5362291724361742
5722456,0.5708222130072693,1,5722456,0.5708222130072693,13189015,0.6155639232940052,9397679,0.6161241260189813
1516414,0.5971271904519962,0,2581045,0.5361093512225256,8944652,0.5447537193582166,5763088,0.5469435151663454
694246,0.653156493361984,0,627517,0.5555006281088445,30365,0.5649217308525736,1543754,0.5652410913138538
1961614,0.505202452113078,0,974621,0.48719870018718703,3525229,0.4914953062466023,2581045,0.49774661209097026
4911430,0.5562160062122545,1,4911430,0.5562160062122545,2025894,0.567701992393639,129782,0.578286398176191
498797,0.5801741906950655,0,5537378,0.5612124186275297,9223706,0.5722094086696455,10113840,0.5722861021886801
394092,0.5695431057746014,0,8521810,0.5130896534992959,4899453,0.5313459151350801,2146755,0.5327000451650832
565143,0.5715090840359301,0,1216544,0.5249057154311991,8274788,0.525816968184566,186465,0.5317345471372623
2953663,0.415703270279628,0,10690163,0.3963078045323583,15293744,0.4020039856906233,15561294,0.4020039856906233
3356435,0.5455988149514496,1,3356435,0.5455988149514496,2951238,0.5870602457334336,426204,0.5883356938308892
2743533,0.5405003006770412,1,2743533,0.5405003006770412,816235,0.5500526159712602,3159546,0.5542895626643354
3862881,0.6143683933267973,0,18134361,0.5066488783903514,14949051,0.5623033804519518,9995236,0.5629800623963432
679436,0.3351754323903714,1,679436,0.3351754323903714,11436978,0.4998252010342178,17539087,0.5089079088615646
225616,0.5958137129730794,3,2985447,0.5838456860689456,5807065,0.5921616063236109,225616,0.5958137129730794
190827,0.5310308826865838,0,18557788,0.4793671784298154,17101517,0.4912041877676321,5391022,0.4946281706605827
17443104,0.5637491737919766,0,11796331,0.47418751806307624,9000782,0.47637268702558316,8730137,0.4901020378318458
10643821,0.541244544913465,0,15043930,0.32694459226074973,17778277,0.32694459226074973,18832151,0.32694459226074973
1088858,0.5854917423519158,0,87949,0.5649636887275177,1007644,0.5685436767313808,438700,0.5702585471734942
2988892,0.5059581253365072,2,236695,0.49937570657855024,2988892,0.5059581253365072,15812852,0.5076261699645525
2120460,0.3418998394143653,1,2120460,0.3418998394143653,18886461,0.49593352130167534,4159468,0.5016249511595436
728757,0.5356704010841623,0,18356291,0.5196710937375177,10600033,0.5258822410186839,15803183,0.5258822410186839
1377866,0.5711322679534899,1,1377866,0.5711322679534899,1866241,0.599371551209573,2677501,0.6024623341717358
3130046,0.4779767110185296,1,3130046,0.4779767110185296,3030900,0.5022615010861371,6387026,0.5160317082773406
239836,0.5179076534739064,1,239836,0.5179076534739064,2736248,0.5740209747932724,4839878,0.5803219271312607
7266214,0.5360235778426105,1,7266214,0.5360235778426105,5300369,0.5930683524529624,9005938,0.5982458628928866
2323641,0.5132783902872213,1,2323641,0.5132783902872213,15221426,0.5146238916079321,13975914,0.5195636106671874
591932,0.6142593826779195,0,683715,0.5294673900084975,3383066,0.5367211960928822,271178,0.5527971527018337
2024353,0.5249868926466226,0,1946601,0.5135531348652508,10697644,0.5147349413648136,4984043,0.5200414967851315
2027268,0.4071820371179232,1,17179445,0.5686825945200148,13282865,0.5695207286016443,2818957,0.5716275471526947
1634051,0.5261540694346173,1,1634051,0.5261540694346173,1568787,0.5305414086614137,4839878,0.5310463565040385
617954,0.5218838418426807,3,4308893,0.5083804625706559,5763088,0.5172979886812692,617954,0.5218838418426807
1848696,0.5711801154705017,1,1848696,0.5711801154705017,1197042,0.5987051398889282,2879779,0.6003678545658907
7506387,0.502321337490347,1,7506387,0.502321337490347,790562,0.5358499176563053,2288112,0.5429627922524994
14033927,0.596323124508991,0,2345524,0.5686366368391,7563825,0.5787953451172911,16485932,0.5823966805381839
3294832,0.6365232146764355,0,18112818,0.5510688896092986,4617023,0.5576676719751812,8951505,0.5607964821728305
669364,0.49742351285426606,1,669364,0.49742351285426606,9731463,0.5762053411536338,7667037,0.5778018555507412
43177,0.49782521419483833,1,43177,0.49782521419483833,8346678,0.518738537280755,3387565,0.5323273614026257
1485982,0.31898874264101085,1,1485982,0.31898874264101085,6426609,0.5241795035550445,14318420,0.5333751667583355
39509,0.4622119546592535,1,39509,0.4622119546592535,14333718,0.49616338955474576,13820276,0.5047766395041964
2101309,0.5921612119239438,0,2146755,0.5353290872207092,5764272,0.5390777516847589,13975914,0.5428051738893639
983921,0.5475262518303249,1,983921,0.5475262518303249,2082950,0.5619213069074682,6368777,0.5632477711656165
5566703,0.4666172044152933,0,2826545,0.543190718953146,18530633,0.5459186956182223,18680940,0.5523093623399178
2437970,0.3979180472358832,1,2437970,0.3979180472358832,8093427,0.50803398865976,3599710,0.5369388408978658
3401101,0.4403226804663559,1,3401101,0.4403226804663559,154448,0.5072760666898991,438700,0.510413042123512
2329787,0.42823702955388343,1,2329787,0.42823702955388343,11797366,0.44035506471925745,9555643,0.47388794838068565
12526263,0.5104715973409993,0,2061454,0.5734400763763389,4258768,0.5895597115927708,426204,0.5925410237902752
2945543,0.3351335346873084,1,2945543,0.3351335346873084,1894606,0.40679215207724234,2530951,0.4145276879317756
3482286,0.5108495164918767,0,1224754,0.4866503386345092,3415565,0.49579884192362733,6991162,0.50089286401026
1910239,0.3370312822961777,1,1910239,0.3370312822961777,18529,0.4866283995154972,4833429,0.49077588790962373
4141368,0.5272763313516788,1,1931315,0.4943991684692607,4419251,0.5139136059065619,3006162,0.5147886417595352
3011333,0.5011656738615788,1,3011333,0.5011656738615788,974621,0.5601786277245742,924866,0.5642322462565661
5375954,0.5590325083891724,0,2581045,0.521669254190851,16428949,0.5224608003801443,7041859,0.5259118927827393
3087049,0.4420401184690264,1,2528811,0.513137217301131,587038,0.5920728228941318,4960823,0.5940442633305247
329611,0.612603438171056,0,13975914,0.3236332459268767,3525229,0.33770538713536175,974621,0.3452186492339095
1311782,0.4886449743590364,1,1311782,0.4886449743590364,4948505,0.49950623468032895,1550424,0.501196994053488
4814364,0.3970158856291508,1,4814364,0.3970158856291508,11047856,0.5062698385307544,7686832,0.5066749982248555
15078943,0.5838766575566635,0,9462993,0.5567647904356303,5855587,0.5669026392356211,5736848,0.5676934759017418
6497,0.5879393467817047,0,1145810,0.5725816311532451,16072527,0.581729962675697,5606012,0.5865132130015283
1926535,0.40943420190443847,1,1926535,0.40943420190443847,1477145,0.5212884921875265,1568787,0.5292448893452271
5009041,0.5486057534280201,2,5869953,0.53630983843346,5009041,0.5486057534280201,1986030,0.5496385081541775
91821,0.5308314169531574,1,91821,0.5308314169531574,7565269,0.5602042371212314,14901395,0.5636757792540337
2709572,0.5151730459372033,1,162027,0.5376579936022335,119972,0.5380932147012875,2459648,0.5444617122508946
6839486,0.5825130467170725,1,6839486,0.5825130467170725,3006162,0.5859278485402744,1195872,0.5899463947749952
118401,0.43504569075894417,1,118401,0.43504569075894417,1546999,0.5688388066587521,1109238,0.5717291331041661
6091920,0.6284150144454823,0,5911664,0.5812085346137552,16630715,0.5865747844785917,3867937,0.5936063509537622
882828,0.42270492143873034,1,882828,0.42270492143873034,16476495,0.44797333268694084,1660384,0.48194680102895593
7100520,0.6276890346212914,0,15001296,0.5712154014069456,4952231,0.603131200001024,5221461,0.6041897426584206
4881445,0.10282758575532133,1,4881445,0.10282758575532133,9049051,0.28173581140915605,18556083,0.3102876859449236
1863818,0.5183649313683336,1,1863818,0.5183649313683336,5606012,0.544276058406588,1504532,0.5451562685787176
1960500,0.4583233535567966,2,1700673,0.4562666201564175,1960500,0.4583233535567966,2830237,0.4594468399867445
11638808,0.5355922188475455,0,13975914,0.41105245640577504,1143792,0.42537550549499054,3389966,0.4313629366232888
3886880,0.6009326842349254,0,920444,0.5426533037297606,2091034,0.5429237727581704,3463490,0.5474913779368424
3206129,0.522537603903434,1,3206129,0.522537603903434,8382845,0.5287458022762022,9907597,0.5602949767698943
926200,0.4680510645577268,1,926200,0.4680510645577268,12676109,0.5152181451971961,15803183,0.5353956515618765
7344472,0.6048131294940129,0,2592061,0.5829707668131284,16092214,0.5897135204244435,7744183,0.5994277793612331
525025,0.5311739744407008,1,525025,0.5311739744407008,3010288,0.5905729525262131,9753485,0.5934727275995261
973722,0.39347856454879904,1,6027443,0.4955136220641601,7959694,0.49944962033202756,7887358,0.5070889018041664
2033819,0.4130102190077282,1,2033819,0.4130102190077282,16232703,0.48666910057958357,17238997,0.48666910057958357
13939511,0.512194918204385,0,2043374,0.5797398596211992,8236006,0.5811175963564077,3407993,0.581366721630515
3006162,0.45276663049358706,2,13975914,0.4510191927902819,3006162,0.45276663049358706,2581045,0.4533463122292847
9636476,0.4143836612656457,1,9636476,0.4143836612656457,333818,0.49462578391617434,2097124,0.5178850204386816
2701270,0.3711378368833552,1,2701270,0.3711378368833552,5968343,0.42166685212538285,3485170,0.5004738445091843
13760547,0.6598767830254898,0,9561949,0.5762765080565634,14084642,0.589656535926454,15755930,0.5937460359198504
16189229,0.6578434180623477,0,4834873,0.5511147703940646,16250433,0.5519655019003002,3075120,0.5526759870565525
1909833,0.6027140505176158,0,18306214,0.5702964434032421,11657413,0.5702964434032421,8759748,0.5733169286430101
1173478,0.5413292871707794,1,1173478,0.5413292871707794,2990058,0.5722689638119342,578773,0.5735210144763129
3360566,0.4867705085726201,0,14330170,0.44851689225477753,14614722,0.44851689225477753,17448506,0.4635257757480574
2067984,0.6096370212507569,0,16525959,0.5697299011445817,3457503,0.570942633623114,5594399,0.5710899606561257
1510447,0.5347837752497612,2,16180589,0.5117883119265159,12034053,0.5117883119265159,18403074,0.5117883119265159
798177,0.4767849133915785,1,798177,0.4767849133915785,16282392,0.5312763453803874,3473674,0.548037457869167
528269,0.50775434155439,1,528269,0.50775434155439,795226,0.5224190117868746,731796,0.523990059294527
7058313,0.5933635578292776,0,13753484,0.5000567388957804,13448230,0.5150663836466339,16647954,0.515066383646634
14724059,0.18549016331233456,1,14724059,0.18549016331233456,15892229,0.2038610833183324,17284756,0.4585419795910645
130832,0.49087362665608325,1,130832,0.49087362665608325,1702712,0.5126098673484656,5391022,0.5137699203233175
1172518,0.5574817807798029,1,1172518,0.5574817807798029,8204089,0.5750080970977577,3318459,0.5803231552411522
1913533,0.4728526511055061,1,1913533,0.4728526511055061,438700,0.5125840477986364,2945543,0.5130251067830843
15087027,0.4105347799936353,0,12782845,0.3547476089268091,8544063,0.3547476089268091,8626652,0.3547476089268091
1737865,0.5545340643286838,1,1737865,0.5545340643286838,917673,0.5597047220110092,1372907,0.5722679416187766
3970123,0.41423555660485095,1,3970123,0.41423555660485095,1337671,0.49749769737023286,711391,0.5043244342871591
17425745,0.6025188022179657,0,3347061,0.5900325361252334,1084425,0.6000780678169853,14576679,0.6001194561567789
23751,0.3127670374876095,1,23751,0.3127670374876095,17371542,0.4600834782676214,2320588,0.4600834782676214
2253594,0.5134561412254702,0,1687531,0.4972532223035848,13975914,0.5021136432497164,7432298,0.5027625134256427
7213876,0.4921147372756411,1,7213876,0.4921147372756411,4411124,0.5139561594554372,5764607,0.5197414514701879
582088,0.4439377581136651,2,13975914,0.4429299447998482,582088,0.4439377581136651,2037028,0.4636722551709183
3502426,0.33377352925476067,1,3502426,0.33377352925476067,17232917,0.3966398331959267,18379963,0.3966398331959267
3368646,0.6447911695250627,0,2359167,0.4914966957243677,5323366,0.5115656223631961,9049864,0.5120443082777028
2652895,0.5736968362603947,0,16428949,0.5258050735760526,13263384,0.5343136278721924,15803183,0.5346066146914635
239551,0.6101805397898382,1,239551,0.6101805397898382,2438944,0.6136974761862607,1382398,0.615013760416326
3107438,0.318878977946773,1,3107438,0.318878977946773,513934,0.5031238672738285,6807661,0.5136254446304485
1912232,0.4557610575999851,1,1912232,0.4557610575999851,99017,0.4769335019744444,6133881,0.48367744872143625
5816719,0.6931471805599436,0,2408874,0.4917856973847967,731796,0.49672135940627443,2581045,0.49821464761836426
1819549,0.622358424269781,0,6694577,0.4952438815273329,10600033,0.4952438815273329,15803183,0.4952438815273329
1208798,0.29203433145829727,1,1208798,0.29203433145829727,18954417,0.531670729843894,3777637,0.5353446148285942
3057749,0.6456163591085289,0,10048838,0.5035706601103815,7195102,0.5035706601103815,10780638,0.5106919774756484
1272137,0.5600683622362395,0,5606012,0.5438909289883013,14365264,0.5467025012657264,4319154,0.5530897836611043
3579818,0.5696088950577909,0,16777083,0.5352085914680419,6969347,0.557425437258616,3223575,0.5599508734744526
17872107,0.5323503431076824,1,17872107,0.5323503431076824,1524775,0.5479591873226052,1383779,0.556666447002005
754766,0.32569178858400666,1,754766,0.32569178858400666,16305266,0.4474771755286938,15158668,0.4474771755286988
3144279,0.5001413073602661,1,3144279,0.5001413073602661,4268991,0.5197601849719033,4378022,0.5203962588574316
18350315,0.21576155433883565,0,3754031,0.5052321220596926,3262327,0.5078781829767518,1750048,0.5097626177714079
1063419,0.4874313412363275,0,13844374,0.45517186198350745,17413776,0.45517186198350745,8411234,0.45517186198350745
276175,0.5473967147633726,3,5091809,0.5436298285117059,2530951,0.5465408752170254,276175,0.5473967147633726
8182487,0.563557791782756,0,2581045,0.4683906898464488,2289762,0.48231055314158716,13975914,0.4980133156765575
1349709,0.6297255223071961,0,10120456,0.44230312070363464,13305371,0.44230312070363464,15029573,0.44230312070363464
2741310,0.444720974080198,1,2741310,0.444720974080198,4268991,0.521777557921508,1053808,0.5270859082041979
3566693,0.504401028215376,1,3566693,0.504401028215376,359919,0.5673526960418533,2404689,0.5757784674516903
3685929,0.49427883244635334,1,3685929,0.49427883244635334,19913,0.5086261610344951,2299727,0.55780722640536
12978249,0.41351591482131045,1,5606012,0.534995707978844,9857746,0.5369869075309982,4099870,0.5423996487871852
6840773,0.38927749342382395,1,6840773,0.38927749342382395,18489849,0.4998493646555421,11263504,0.5075561102968866
2476282,0.42832855418334864,1,2476282,0.42832855418334864,8068580,0.4983942593116229,12952039,0.4983942593116229
2577580,0.2648518610064897,1,1701677,0.46588564571071867,16795482,0.5238871216963186,1078926,0.5284452399802442
128662,0.5867186575525506,3,446022,0.5807695133666979,725209,0.5819354694200904,128662,0.5867186575525506
1373801,0.24984035269443994,1,1373801,0.24984035269443994,5277184,0.48648302897937346,3910457,0.4907878618543442
13983441,0.6931471805599447,0,8810120,0.5971726694671216,4512796,0.6180755396094462,5095382,0.618896337259721
2416053,0.5175320600404447,0,15795368,0.43078731783251767,17187231,0.4360294964067926,18549564,0.4390999006722838
5013450,0.6308940272354069,0,872508,0.5995688593096542,7615680,0.6136811704415507,12602580,0.6140014476947235
5415945,0.5845393463389827,0,12476582,0.47623307392845393,7448034,0.4935729395876396,7360865,0.4956127667359304
18208581,0.6220528267091011,0,12522893,0.5656277342434883,2390447,0.5696895386756088,4899221,0.5784221130571372
1709649,0.46842900383879144,2,2581045,0.4458431507380696,1709649,0.46842900383879144,370431,0.47869118300074204
956856,0.4111432178473197,1,956856,0.4111432178473197,13398376,0.46287708056296345,6923085,0.4891293279130893
2882619,0.3430985755621665,0,250998,0.31048602491321453,10496300,0.31997226058527173,17598303,0.31997226058527173
3778782,0.28780445853265363,1,3778782,0.28780445853265363,4515387,0.2919002861167802,6359974,0.3388252403966315
412429,0.4038653078957317,1,412429,0.4038653078957317,2636319,0.42761410104116626,924691,0.45824883828112206
6863254,0.6518362740820319,0,3607428,0.5222398407498613,7726203,0.5307936989347193,13447810,0.5381372539793537
4956300,0.5514577581624992,0,14129256,0.327400902232319,14915292,0.35616542091308245,11272966,0.36948620796530074
2554222,0.46836266311350117,1,10509263,0.5602285137893088,6241515,0.5686219795690773,18884520,0.5742384442573526
756675,0.6280115149381481,0,10758963,0.5834062644641616,5448785,0.5857296163314157,2284792,0.59170875554999
5129980,0.33830913752878894,1,5129980,0.33830913752878894,2530951,0.3947831055261037,2945543,0.4014958053442972
3265617,0.663734104486794,0,18837728,0.28769308077543937,14429242,0.28769308077543937,12350546,0.28769308077543937
2053730,0.28818416803723035,1,2053730,0.28818416803723035,2664974,0.5191648497743859,7629339,0.5280805399369162
4781089,0.6369328280103469,0,6991162,0.5056418356737539,13075264,0.5170774024382504,14111770,0.5257216039046035
1820531,0.5115332918107732,1,1436992,0.47740694349951135,3441543,0.5015965981028612,3738094,0.5125547154994224
4165382,0.6056336384907883,0,16966031,0.4266830078723326,5180334,0.42836355146032784,8293687,0.5160213086334471
6138601,0.5004648097590114,1,6138601,0.5004648097590114,2651358,0.5066822833822952,8651393,0.5192854364252387
1262881,0.568473336903334,2,3862859,0.5554246945209765,1262881,0.568473336903334,9638015,0.5865106940487422
1702234,0.4216285874778361,1,1702234,0.4216285874778361,5764272,0.49456938150374835,5606012,0.49958445690478376
1123729,0.13345555901564218,1,1123729,0.13345555901564218,2739974,0.3582009493059314,5060055,0.4794829381438308
5109079,0.6329151536635027,0,9399679,0.5452639845309052,15780956,0.5672268809188109,14855108,0.6001977185585361
1689189,0.40144731159253194,1,1689189,0.40144731159253194,1878857,0.5557461751881541,2020847,0.5609060163699168
3483185,0.4567817842636898,1,3483185,0.4567817842636898,7870464,0.5480523585946795,10489144,0.5550687147340048
628811,0.5337016399920349,1,628811,0.5337016399920349,13763244,0.5621846882406606,2359167,0.5694827344959297
1217662,0.5425571348724838,1,1217662,0.5425571348724838,16319888,0.5546983877879132,1279474,0.560518051914342
1697150,0.396546135846393,1,1697150,0.396546135846393,7621265,0.4779832918993161,14708966,0.4782983749182233
2064423,0.4696682607853287,2,15926536,0.4501079326428134,2064423,0.4696682607853287,16263724,0.5029987948442709
1927332,0.31594881413887826,1,1927332,0.31594881413887826,236695,0.4552432028771322,1687531,0.4605180361337624
10654299,0.6502191026159815,0,6833796,0.50758472696563,13287904,0.5185962741436292,16563854,0.5185962741436314
16497479,0.27944960559912446,1,16497479,0.27944960559912446,12318387,0.3671797763923875,5355224,0.3671797763923875
2530123,0.5735207947705365,0,2145457,0.5193969583756928,3509279,0.5223458053433419,5606012,0.5293458857331118
1991741,0.47025431926843303,0,15350931,0.40339537813571125,14142086,0.40339537813571125,15030949,0.40339537813571125
3177638,0.5094539787201416,1,3177638,0.5094539787201416,4027947,0.5694191836137596,18090693,0.5694191836137596
10998289,0.5998069083985534,0,14315246,0.4819273611648902,10600033,0.4950700586156411,15803183,0.4950700586156411
4945,0.565044326818473,2,689009,0.5606656636509649,4945,0.565044326818473,8124427,0.56987748097372
1294085,0.406726529551548,1,1294085,0.406726529551548,14574559,0.5379085579738518,9619555,0.5386923218244354
8973871,0.6039894533515011,0,16808131,0.538637568944707,3875469,0.5397511281606783,12466029,0.5405181972391628
7964762,0.5603353599413801,0,498574,0.3481061216529173,1675707,0.3851679143209861,2833889,0.46902934315053574
5604301,0.6778054393102543,0,2606282,0.4568985865295722,6519637,0.47981920649559195,2359167,0.4863354552085361
3134676,0.5198427857144631,1,3134676,0.5198427857144631,2805245,0.580064148980155,723190,0.5807920475813027
17874580,0.643731884210394,0,14604925,0.4834889863034489,8009654,0.5004950195992427,15803183,0.5004950195992427
6964788,0.67983436542306,0,6595714,0.5341339786443517,3605887,0.5364251683375112,184064,0.5367222169400695
2578677,0.5545744424862877,0,11572328,0.5237128467716137,5890525,0.5277888650173697,11677590,0.5313303816756879
1012899,0.5522830301446359,0,2672130,0.5184252087718556,17081903,0.5202990358166025,2737132,0.5212307633805848
10835357,0.6115117921069202,0,245888,0.5144188264407785,14580255,0.5277144486459195,8151265,0.5332856095150911
1249877,0.5134111624667922,1,1249877,0.5134111624667922,674073,0.5498638867059067,2057050,0.5582010104664432
3013930,0.48815483466359216,1,3013930,0.48815483466359216,5596253,0.5174831639738376,11366123,0.5228259944376642
10424844,0.5098965834110137,0,5072809,0.4874291129794151,4525406,0.48888495671982285,3708671,0.4942490599364944
1574121,0.27557841684813705,1,1574121,0.27557841684813705,12507965,0.3725731278032389,18242081,0.5059833991209198
600392,0.511086602578369,1,600392,0.511086602578369,17449289,0.5310974428321253,11859245,0.6019728136701925
4464265,0.6291907303271206,0,7686832,0.5371646682404247,5546153,0.5391328221159009,2315499,0.5461559338395582
1587309,0.5987061967990154,0,2359167,0.534629861181139,13303791,0.5439406122855548,306953,0.550088801058203
16889966,0.5524266242409467,0,87949,0.48148617648043784,881500,0.49729333862860475,1881338,0.49963677384807587
4789596,0.556764940397355,1,4789596,0.556764940397355,3547,0.5623310692115453,82463,0.5789180001081332
12490072,0.49355761412086113,1,12490072,0.49355761412086113,3524187,0.4983186518957156,1337671,0.5030007641852832
2553304,0.22755341457214306,1,2553304,0.22755341457214306,18494291,0.3857941369138487,5963431,0.47159817242413066
5230177,0.2776041509330531,1,5230177,0.2776041509330531,16908415,0.49511993258780146,10637661,0.5208445818247874
1998821,0.3399566809330631,1,1998821,0.3399566809330631,11449289,0.45173104742291664,12880935,0.49448258736386197
2616080,0.40820334144249965,1,2616080,0.40820334144249965,11864857,0.5416665058707023,1461690,0.547743106869801
1500013,0.3957947133022212,1,1500013,0.3957947133022212,1385953,0.5195696347549515,5406319,0.5248349658078925
4646361,0.4512001711063879,1,4646361,0.4512001711063879,3735894,0.5007626764465081,3414477,0.5076788361390335
5977195,0.5022516439608969,3,2581045,0.44289485004106754,13975914,0.46685523282827157,2289762,0.4675731673983309
98242,0.39440001100991695,1,98242,0.39440001100991695,5140477,0.4751005831368796,5091809,0.48806666425764833
1412529,0.604339309694356,0,7071414,0.4790112551714139,4978134,0.483644759941407,7998037,0.48847596304934815
2690156,0.5169131327941824,0,2581045,0.5033451373988624,5391022,0.5102162277116211,11730687,0.5130580958034879
901695,0.2953034429510326,1,901695,0.2953034429510326,1383779,0.5264426085209214,4954557,0.5569208679288136
330611,0.46341067168178635,1,330611,0.46341067168178635,16568791,0.4992152083076554,4943202,0.5032132539050568
3350744,0.5641844619142681,0,11878958,0.3494444458233043,16702034,0.35262176688002483,18938713,0.35262176688002483
2814361,0.26173589577633316,1,2814361,0.26173589577633316,99017,0.4372396037192125,1202810,0.45109943939966113
2302896,0.3778217649444566,1,2302896,0.3778217649444566,8200878,0.5117224989971837,6215901,0.5279050359990172
2049953,0.49637613318670837,1,2049953,0.49637613318670837,5606012,0.5199850457717585,1568787,0.5208550641510347
1306380,0.24511130163253594,1,1306380,0.24511130163253594,1031315,0.5509569436398982,3653836,0.5523904468431818
6124931,0.6440504417966506,0,11248035,0.5127810373029354,17833894,0.5127810373029356,3836851,0.5127810373029357
2691988,0.5641567477147524,0,4879801,0.4972741110938302,13975914,0.49858723356811935,974621,0.49884628119696595
198043,0.6206972354972953,0,6694577,0.4239607354258417,8009654,0.4239607354258417,15803183,0.4239607354258417
8871727,0.5255350790465372,0,1822427,0.41459497573955945,7638172,0.4680154184465708,13037051,0.4692964166942165
4843772,0.5349582649793091,0,1457300,0.4832559596877627,14498733,0.48510181757234905,11996654,0.49202555759412747
1333984,0.5777084487455243,1,1333984,0.5777084487455243,13833632,0.5783063444430356,17687747,0.5927387333261038
8514065,0.3219258945719896,1,8514065,0.3219258945719896,17916134,0.43540073891320513,12216587,0.4587227518702738
1879967,0.40735292145839125,1,13975914,0.4411402439474021,3387565,0.45453973236189094,3352673,0.45658526861320886
370136,0.6817506834585013,0,6694577,0.37554443719991637,8009654,0.37554443719991637,15803183,0.37554443719991637
1479534,0.5031806233848745,0,17622317,0.4870981808934699,1481863,0.49626916284549655,17372845,0.4963397426439642
3097286,0.3207000645368178,1,3097286,0.3207000645368178,9302346,0.4836105726301226,9099332,0.49117531009674187
4214128,0.4774858905493046,1,4214128,0.4774858905493046,1755340,0.49744727755974144,13666928,0.5042423012848811
15331673,0.447113740277578,2,16133415,0.4467340127946891,15331673,0.447113740277578,3660388,0.4633294096026041
2929964,0.4868104398683513,1,2929964,0.4868104398683513,16139310,0.49286863119774826,6396998,0.4967789709747891
11361013,0.3645313272650199,1,11361013,0.3645313272650199,11502538,0.457330588971714,18014722,0.45804716582076477
7556729,0.5217474220331116,1,7556729,0.5217474220331116,2969263,0.5410252341353017,15771203,0.5518055679090544
5318905,0.4645129123440696,1,5318905,0.4645129123440696,2289762,0.48537093508433227,13975914,0.48791357547745423
916473,0.36124574408980553,1,916473,0.36124574408980553,12577305,0.5272586539922322,326728,0.5284589664089279
6102453,0.5487524128882895,0,6694577,0.43003133371979474,8009654,0.43003133371979474,15803183,0.43003133371979474
15692252,0.4096908053829176,1,15692252,0.4096908053829176,3562698,0.4904526712591756,2530951,0.49658683071902915
4876975,0.46631266698810225,1,4876975,0.46631266698810225,4149273,0.5188390881309023,9650951,0.521876181752075
1640040,0.5486982089721685,1,1640040,0.5486982089721685,2784836,0.5801694738331493,2348529,0.5918867001673983
446022,0.4776861817626198,0,2830237,0.45971395847571983,13975914,0.46097597605251767,881500,0.46712700879370744
1670725,0.500784612245728,2,1634562,0.47577259337873096,1670725,0.500784612245728,14668622,0.5128292911404305
16432891,0.47009460861885055,1,16432891,0.47009460861885055,2327503,0.5694119263153276,5129980,0.5828377079752557
2436912,0.591467930635424,0,5391022,0.523841053653044,2581045,0.5262456907309139,14699393,0.5300589769629515
1970261,0.5087455043913846,0,5464391,0.4665047499800915,16026756,0.46913689161984623,4670293,0.4874901502025288
6677838,0.6521997072086951,0,9692939,0.4587863061019477,9075098,0.49471239945565654,14361703,0.49529949058661216
18203750,0.4490339003696363,1,18203750,0.4490339003696363,9049051,0.4865726673180055,4984043,0.5053827729334466
4032385,0.5935589821317557,0,434470,0.5674973631405399,3584630,0.5700610248212822,426204,0.5724285386035746
3103362,0.4745701352676715,1,3103362,0.4745701352676715,10970053,0.5651266169744619,15744916,0.5681588917639876
843043,0.504749201844287,0,13975914,0.40511216503887676,974621,0.41531586504527745,4047746,0.4171243388617124
2308165,0.5505827612593577,1,2308165,0.5505827612593577,11527686,0.5576638517819493,4675752,0.558921090111962
1654854,0.5174082611196923,0,18797201,0.4868259967075823,9142113,0.4957461145196958,10507906,0.5033195003538615
1168694,0.40913396126890117,1,1168694,0.40913396126890117,18339069,0.5357934842474527,6601216,0.5414551147365949
2441141,0.5589572832404002,0,16071276,0.5346713353988714,2581045,0.5472558782198604,4047746,0.5527383491779723
6321257,0.31613036344642176,1,6321257,0.31613036344642176,13451881,0.4398683908846462,15803183,0.44181740255631247
1372907,0.49622560878484673,2,4378022,0.48839786001604196,1372907,0.49622560878484673,5764272,0.49990289378842456
10205780,0.6798089295738792,0,2774830,0.5566756960643939,2991995,0.5678767969162933,13703660,0.5686613944665971
4801256,0.5326838033518594,0,236695,0.49124968325025903,1721763,0.5016245939561376,4879801,0.5046872739289809
2322382,0.3669384307841411,1,2322382,0.3669384307841411,16554579,0.455016114367036,14990558,0.4629691036897138
4017546,0.5289907346662851,0,8944652,0.48999472747153344,5391022,0.4902939824921053,14985896,0.49143264755926974
28097,0.44846315308077206,1,10309531,0.4844946681450246,8298909,0.48600845003984866,6541467,0.496120056204996
3892833,0.49108193123085075,2,7203142,0.46475086604530585,6923085,0.47354975152490025,13225905,0.4749861227064738
781069,0.46610363510075353,1,469821,0.5595020108869818,14096445,0.5715602315659014,9841478,0.5724694259457709
1485775,0.5431881101098687,1,1257114,0.48322597932859956,447848,0.4835367745389489,13975914,0.5122891672232109
294499,0.42034316956508927,1,294499,0.42034316956508927,11595568,0.4545606705392145,10052711,0.4640429009969559
2426641,0.31874788294678624,1,2426641,0.31874788294678624,18033152,0.4020912488072898,18386592,0.40838704574389145
3405054,0.35599679283919783,1,3405054,0.35599679283919783,236695,0.4887099282970556,4842416,0.4898746942680267
4133447,0.5135317031813681,1,4133447,0.5135317031813681,3562698,0.5307992755743822,438700,0.5343537385056409
3058668,0.4497381573656215,1,3058668,0.4497381573656215,3094204,0.571625975004842,472571,0.5799507299240159
608623,0.553932078028672,0,2922536,0.43400609592562284,737320,0.44482563769261974,3818253,0.44502428150416745
8158875,0.59153652168339,0,4026364,0.556746403793512,1312953,0.5591954746632629,1277181,0.5636527996471834
4487874,0.6273572051497694,0,17572827,0.5428970052804661,16436404,0.5462175024066743,17013631,0.5462175024066743
378867,0.5813953609939888,0,11836549,0.5383976127989483,6416301,0.5416881943956963,8819114,0.5477452413832551
13427054,0.5911416044767297,0,927316,0.4458649941677758,1700673,0.46498113618742265,236695,0.4666955403928975
2741864,0.4537001021842976,1,2741864,0.4537001021842976,2939971,0.46599868269011324,5450462,0.46622075068410096
877480,0.39608145797787625,1,877480,0.39608145797787625,881500,0.5217613402070675,2204916,0.5241825990177289
1644342,0.2594695523156806,1,1644342,0.2594695523156806,3128842,0.4893310384785438,10257630,0.4910954699954876
3000950,0.6521369621112341,0,1854989,0.5674299231562963,1970514,0.5690103889796797,8330319,0.5704351253117453
15756184,0.45038408374168004,2,3318459,0.434510700508509,15756184,0.45038408374168004,4609214,0.4506004843298097
936006,0.6167263670596311,0,11134716,0.5320399844532123,2315157,0.5551875340860267,1458248,0.5715755133791849
3837693,0.5749111494729627,0,366113,0.5553711142621791,16126343,0.5691035808939748,5331371,0.570701792995823
4234255,0.6151231272710005,0,10472259,0.4506073043829284,15479596,0.4506073043829284,1976985,0.46319108071301923
4337483,0.6309007853326515,0,12214161,0.5597795967575675,12680559,0.5639609072198474,18489849,0.5661499179045087
938151,0.5361047858044211,0,18792835,0.5175646825652169,15268335,0.5210339507041494,7881501,0.5229935207359703
2037028,0.270198820592069,1,2037028,0.270198820592069,13975914,0.27215281971447225,2581045,0.27721620832022403
4066727,0.5777044052363793,0,14782620,0.5635867582804974,12892739,0.5636470670591974,13748525,0.5676398532498302
1433896,0.3897644959448077,2,18722495,0.5067414954315639,14350153,0.5067414954315639,17825154,0.5067414954315639
1843108,0.524153533377184,1,1843108,0.524153533377184,18686313,0.5533883250234932,14389799,0.5533883250234932
6127548,0.48287843343779907,1,6127548,0.48287843343779907,13994413,0.5220388091946085,3158297,0.5325552226735214
1847192,0.5833273996440242,2,12556146,0.5777002641878094,1847192,0.5833273996440242,1760799,0.5845376234977386
1753114,0.5156376925137818,1,1753114,0.5156376925137818,723190,0.567317030488197,1552166,0.5742574987541375
276104,0.5497479878091387,0,15333318,0.5091464263657833,7001474,0.5270809889287473,4437688,0.5428722775744914
1367591,0.4245151262906429,1,1367591,0.4245151262906429,11772999,0.4890926921845344,4796716,0.4970681327652311
3057367,0.5135864378252684,1,3057367,0.5135864378252684,723190,0.5648606306708596,2091468,0.5706195334332158
3553511,0.4571144272963521,0,15169258,0.3927283010737151,8662486,0.40684554239282933,15874744,0.41349690492321983
8400913,0.6116182106699453,0,4078574,0.507760352697578,6359974,0.5143730489441565,4437688,0.5157572066608065
1702338,0.4312765819836171,1,1702338,0.4312765819836171,16893537,0.5557189414680237,16865234,0.5562459844551034
368890,0.4994835555299876,1,368890,0.4994835555299876,171251,0.5375907688174418,2289105,0.567403698395266
2883651,0.40833527632445427,1,2883651,0.40833527632445427,2314293,0.45754345291884335,723190,0.48792603165635157
7533857,0.6071302916044827,0,2982849,0.5397370191243975,1504532,0.5419298384287301,2855040,0.5488335393634833
17870,0.6238996656244629,0,6574079,0.5683881752985204,4319154,0.579912774515323,3000684,0.582873404016171
6322330,0.47563955899047355,1,6322330,0.47563955899047355,6316153,0.5763786586038805,2038905,0.5817983965937753
392438,0.5779349636644137,0,7686832,0.3767495385105095,5546153,0.42783161146224413,14591497,0.4338859051059384
3033935,0.3340445903988665,1,3033935,0.3340445903988665,1018256,0.3611716425949385,16791622,0.48131203507145526
2404301,0.6049652857702636,0,14446819,0.5487182280786738,3736763,0.5573563319771184,2144000,0.5643327780869414
935958,0.5961116019100647,0,10537995,0.5057608232416118,7196850,0.5118556299636637,3339011,0.525373165965774
15671253,0.4974887079123619,1,15671253,0.4974887079123619,13215576,0.5454124337692879,5043354,0.560991602673066
2958073,0.46654997340037846,1,2958073,0.46654997340037846,2830237,0.5337195805350186,4141368,0.5371607164727766
402227,0.5043444840694996,2,807613,0.491986337687959,402227,0.5043444840694996,15427168,0.5098689515641491
4165475,0.6273193653784558,0,390279,0.5771471698517116,3306133,0.5823628622638068,1456419,0.5888040058153678
205414,0.6578133918753456,0,2529301,0.6371840414215568,10929934,0.6387984128255833,5457315,0.6477558634095939
2328612,0.33984488805226465,1,2328612,0.33984488805226465,16394591,0.4956590550917068,18021567,0.5047856130684517
1512047,0.4251625726136087,1,1512047,0.4251625726136087,17150917,0.502808392711714,10923172,0.5257455200478574
10397421,0.5380069258344972,0,1022132,0.423783459392828,3937071,0.45280271870332695,7277336,0.4570611159155153
721022,0.3349924752837187,1,721022,0.3349924752837187,18718708,0.46393735738154684,16351821,0.487925841005939
5100487,0.6262067413694592,0,7877558,0.5404602223143304,10909355,0.5442317596749251,13652340,0.5480846776528395
1522094,0.44989898806341694,1,16936463,0.5588562796176292,16908877,0.5676574914011843,119614,0.5775979108353396
3327666,0.4340608679153612,1,3327666,0.4340608679153612,5009426,0.5172389901346857,12099844,0.5276384774036916
3944423,0.5339409603154176,1,3944423,0.5339409603154176,15995591,0.5807983451151476,18683951,0.5902069014904578
2752882,0.4702573830314718,1,2752882,0.4702573830314718,699537,0.5393239478059294,10497790,0.5529755016147835
2326391,0.5357866358763291,1,2326391,0.5357866358763291,7670432,0.5828126903354895,5907199,0.584550523981903
601854,0.5357260400086067,1,601854,0.5357260400086067,14699393,0.5555951461007897,8156401,0.5570011521267686
1923189,0.4510451349758008,1,1923189,0.4510451349758008,5606012,0.5187843467473547,4796716,0.53418431516242
2942043,0.4808632375366639,1,2942043,0.4808632375366639,4879801,0.5267432427103123,8819114,0.5280018037348454
2846780,0.4974930686665844,1,2846780,0.4974930686665844,5217120,0.5554073521590253,216381,0.561622028898153
425115,0.5558304064552432,0,2581045,0.4818595655058738,2530951,0.49350253453217235,2636319,0.4963340335439119
2201089,0.5437729103740331,1,2201089,0.5437729103740331,2795593,0.5518341966663124,5321527,0.5561511353750755
2959858,0.5196977771357145,1,2959858,0.5196977771357145,13975914,0.5255102986061877,8484461,0.5362130268656138
322241,0.4236884852656191,1,322241,0.4236884852656191,3210710,0.5231310491007197,15854994,0.523468902627225
12093813,0.29047474447520844,1,12093813,0.29047474447520844,3975007,0.48305185982429694,9214648,0.5009676887891458
1655477,0.5076731203895716,1,1655477,0.5076731203895716,3954376,0.5187086818754395,1184437,0.5220174786049357
4953246,0.35975307130134526,1,4953246,0.35975307130134526,13347118,0.45564481515866084,17549698,0.4804654442160109
10921104,0.6536283208023843,0,1390460,0.5107927613059408,9454931,0.5198487432142915,17574521,0.5209601222125122
1969510,0.496523054752669,0,1643322,0.39085886696064415,3327213,0.39197058036444204,12074342,0.40517035926109946
1901902,0.11435798482280288,1,1901902,0.11435798482280288,13734234,0.4504256653782371,4662076,0.5335335576168329
992901,0.4039095599065534,1,85763,0.547487225278652,14420203,0.5505135431624341,8734950,0.5512785984386688
3252490,0.5520715718252411,1,3252490,0.5520715718252411,1480978,0.5611928206579265,1509667,0.5613274252932878
10724940,0.4670833283593151,1,10724940,0.4670833283593151,10446345,0.5300869742755769,2598142,0.5323001517116943
8026457,0.47503584918534564,1,8026457,0.47503584918534564,1967486,0.489035990508238,236695,0.49087294210121296
8450926,0.4892158084042791,1,8450926,0.4892158084042791,15158668,0.5233095490975469,16305266,0.5233095490975477
2312684,0.3517233471157081,1,2312684,0.3517233471157081,236695,0.44938140889604433,3457503,0.4529591632144967
3488218,0.5210907352977843,1,3488218,0.5210907352977843,11836549,0.5642418157310637,1341422,0.5642828240792561
16786860,0.3870551805206476,1,6694577,0.42178628030865695,8009654,0.42178628030865695,15803183,0.42178628030865695
5342598,0.428433558285849,0,2530951,0.41713642983222254,1687531,0.42161778882445977,2636319,0.42764356691998434
42075,0.38493968177036314,1,42075,0.38493968177036314,6984284,0.4576734154743498,17415418,0.4611819075192818
2742556,0.5044986813940991,0,18021853,0.4130472019301855,10853908,0.4200603437124764,14921719,0.4200603437124765
3876889,0.6087074611606861,0,2054999,0.5385498386847527,604518,0.5466796554267125,2649454,0.5525433438724543
2404689,0.4866915169376459,1,2404689,0.4866915169376459,14439414,0.516066056124391,3821018,0.5207800670393998
892099,0.531437564421872,2,13975914,0.5129491449144148,892099,0.531437564421872,8484461,0.5323422075260487
15253492,0.6525200242137326,0,6694577,0.46546217278730884,8009654,0.46546217278730884,15803183,0.46546217278730884
1065616,0.5587485218070048,1,1065616,0.5587485218070048,8931023,0.5739786778675912,13600585,0.5763164416374675
244392,0.5052652555567031,1,244392,0.5052652555567031,8832195,0.5265494062180409,8292467,0.5283120639375235
1242850,0.5362478701814503,0,1504532,0.5239525931324727,3761151,0.5250982752813613,5606012,0.5269837060961007
261075,0.5016778274090552,1,261075,0.5016778274090552,2783317,0.5502616249961054,1845795,0.5528065978091826
7303558,0.6046244365754306,0,3191279,0.5295013936453886,5993605,0.5380267041816807,164361,0.5386004488780127
2239429,0.5132325015480415,0,13002825,0.4487614063709328,4185697,0.469610430455039,6271582,0.47057021412712513
3558890,0.5233388590098779,1,3558890,0.5233388590098779,2830237,0.5447827917467455,2951238,0.5450963901598052
4083335,0.5287602172569524,1,4083335,0.5287602172569524,8407085,0.5330395947238933,11668300,0.5345143981416478
2263543,0.5743116489613764,0,2784836,0.5290224219511852,11784195,0.5573881214077597,7353295,0.5580408286794764
2321559,0.5375429535680394,1,2321559,0.5375429535680394,3401101,0.5728521739578634,1927332,0.5728658079183342
825924,0.5631777424285881,0,18014722,0.5123771923160838,294499,0.526561184885033,12812500,0.5273694278986896
15764632,0.4884290846620241,0,5309527,0.46168248679426327,5958327,0.48416607672650624,2581045,0.48443323134323674
17523441,0.5339876358880485,0,16877042,0.4676389082346174,16566470,0.4865254038213292,17214336,0.4865254038213292
3400536,0.46848595507770846,1,3400536,0.46848595507770846,16778036,0.5131961127164552,6394318,0.5181451360196643
10698793,0.6620837640672741,0,16308166,0.5423442587073654,12033442,0.5443140418081702,3173804,0.5466362544447246
1242562,0.5901398676139402,0,1199860,0.5280904860655434,3100749,0.5426421503679324,699537,0.5426422066283055
2659940,0.5810891901321231,0,2968560,0.5283217066137723,15883944,0.5314256665757731,11974399,0.5314256665757731
1271360,0.40139409038676627,0,16766898,0.2780338397056088,14777591,0.2864549057033458,6921143,0.2864549057033458
3375576,0.6160181637186105,0,6433345,0.6107552691978914,9219634,0.6147056969208089,1714515,0.6151218483093206
2544991,0.3865349583228539,1,14191833,0.5450157880512607,16216209,0.5479438438777203,11179319,0.5563476589710326
398085,0.28608254220297696,1,398085,0.28608254220297696,15041538,0.4011080424256072,18567295,0.4524955669193706
3036218,0.46988300333711996,1,3036218,0.46988300333711996,3140444,0.5172081363451041,2742055,0.5193605273516825
7753020,0.5058307907409231,1,7753020,0.5058307907409231,15895680,0.5342206082840039,6137967,0.5423938949292818
2839690,0.36385729709834674,1,2839690,0.36385729709834674,6589707,0.488731378509498,13011741,0.5260640426742861
1305773,0.544197268695396,1,1305773,0.544197268695396,1702712,0.5608314804664996,5331371,0.5667279928231357
1064524,0.4212519927160674,1,1064524,0.4212519927160674,10468544,0.4769329356740969,11338419,0.5071956066422392
1353482,0.5637684050703891,2,591932,0.5620455081106682,1353482,0.5637684050703891,4546480,0.5664673952981565
2999998,0.5494111519806356,0,4247009,0.5141226908400692,1881232,0.520771026064452,4839878,0.5237489688439605
2308244,0.5919534643729025,0,1395974,0.5672930970927547,2189929,0.5843211200926562,4326088,0.5884996035157222
3269359,0.49516196192021456,2,711391,0.49434459844894807,3269359,0.49516196192021456,16047321,0.5177318178911077
5577970,0.5164744946438206,1,5577970,0.5164744946438206,326728,0.5252491797533845,671641,0.5412275476718362
3952488,0.5041119424042811,3,4488918,0.4949347403090756,11486910,0.503814674550315,3952488,0.5041119424042811
2204916,0.4191007339834425,1,2204916,0.4191007339834425,5091809,0.4963834721081696,2636319,0.5028255592405425
1478898,0.46361772275184626,1,1478898,0.46361772275184626,4326088,0.5519642397309629,1070516,0.5536812358036205
1174794,0.4741053466843672,1,1174794,0.4741053466843672,1311782,0.5063356681122034,1687531,0.509576278733211
1522840,0.4819654367569719,1,1522840,0.4819654367569719,2581045,0.5180510536211906,11730687,0.5307160420367696
2985447,0.49771114310966896,1,2985447,0.49771114310966896,13169886,0.5283386119475614,14010759,0.5294214633390248
3028886,0.6022462461570212,0,16476234,0.5255734373357992,12263034,0.5335139047380968,17805174,0.5422517455048758
8049188,0.5870773372422893,0,6239210,0.5074464767290521,15224324,0.5126283482299004,16322601,0.5135914760828322
4488985,0.20624068540006316,1,4488985,0.20624068540006316,16610055,0.4131046318804364,16130296,0.4574129297310053
59920,0.4309170922032647,1,59920,0.4309170922032647,236695,0.4894541294925982,5764272,0.5005662088722288
2783016,0.46311283790951613,1,2783016,0.46311283790951613,2531451,0.5259059964645709,3500164,0.5324172820645751
847833,0.4653864431463218,1,847833,0.4653864431463218,1341074,0.542369155596949,4273771,0.5441093392331613
2309157,0.585494328576055,0,3951549,0.5347487906259888,711391,0.5485522479437389,5606012,0.549735225879124
3817598,0.48232499966498926,1,3817598,0.48232499966498926,16503511,0.545138152452316,12236663,0.5585034909807256
7803732,0.45642896757609436,1,7803732,0.45642896757609436,5764607,0.5346027149424741,1707139,0.5472487930087803
10348377,0.4464711024186651,1,15352746,0.2605610765488789,8651521,0.2605610765488789,16440226,0.2605610765488789
16426489,0.5717176645338918,0,16623147,0.4370803915816402,13975914,0.4378985436107023,2581045,0.4599462727359306
5126120,0.526852030940471,1,5126120,0.526852030940471,1471463,0.5671066843871773,1659952,0.5961019667462006
3732332,0.693147180559946,0,13682926,0.3792978127855123,16520454,0.3792978127855123,15969406,0.3792978127855123
800724,0.6351813522748854,0,4655656,0.5699664107046887,18692694,0.5704251413920062,15425659,0.5741026525074959
3302642,0.18994830776675373,1,3302642,0.18994830776675373,5220402,0.5089060442363676,383985,0.5227836497082418
5012234,0.41104615201657363,1,5012234,0.41104615201657363,2522093,0.4951852115540167,3363432,0.515005770888367
7437873,0.5644800445673845,0,10922539,0.5156931737215639,13119472,0.530609012755003,2496924,0.5307698719147289
403271,0.5076749675743494,1,403271,0.5076749675743494,973571,0.5429130665500075,4313234,0.5519405081399226
870381,0.4610739777311454,1,2175168,0.3735303845676822,10004981,0.3735303845676822,10756313,0.3735303845676822
4316445,0.5935616415562971,0,18544586,0.5365818805908733,8831057,0.5366792859280088,11011106,0.5380415011367777
904858,0.5746368979369504,0,6397707,0.5458645534277088,13033382,0.5485493590056907,8594903,0.5498199047561375
2109581,0.6378912534931837,0,10902617,0.5536635005961607,236695,0.5640294441813266,5634294,0.5666353233849655
3080732,0.27941903143518576,1,3080732,0.27941903143518576,3582675,0.5111164495396983,12209526,0.5507002351886553
2226889,0.5559305799217971,1,2226889,0.5559305799217971,3970123,0.5682662937944687,2606282,0.5684921313535009
491275,0.3611369400334741,1,491275,0.3611369400334741,14919679,0.4442969337069268,13028086,0.4711715598571198
91602,0.38697272292548945,1,91602,0.38697272292548945,5129980,0.5351760986422286,166896,0.5384456443819096
2619409,0.47512045173011835,1,2619409,0.47512045173011835,974621,0.501250188178309,731796,0.5021368721296601
3576160,0.4062778822980543,0,974621,0.38949993333737315,13975914,0.3900045039520352,4047746,0.4044971967751505
1142666,0.2489759729326328,1,957369,0.5343136205192571,2146755,0.5484472678171377,1586217,0.5511937481906685
2450077,0.5384801529139875,1,2450077,0.5384801529139875,4731700,0.5795378592300545,5391022,0.5799523362504778
3350579,0.5260984011210935,1,3350579,0.5260984011210935,15692900,0.5929424660436672,17746703,0.5929424660436672
7711479,0.44785273112585416,1,7711479,0.44785273112585416,2833889,0.5229484509495815,2830237,0.5288548939469869
1659408,0.4352158720602748,1,1659408,0.4352158720602748,1372907,0.5146204704136419,871313,0.5213751637284958
18897663,0.6931471805599455,0,7686832,0.5136017181505788,2315499,0.5240104857142021,15168731,0.5249963041733409
2724195,0.48074375263516506,1,2724195,0.48074375263516506,5606012,0.5412713982631385,711391,0.5416467572246872
1399787,0.5927625081460015,0,14642464,0.5451898666545849,3333645,0.5647774768860199,1145801,0.5660351467963738
2880288,0.5177932370960968,1,2880288,0.5177932370960968,1949064,0.5533953344037312,1835420,0.5534661047988538
13270547,0.6931471805599456,0,18463122,0.37556221131344036,17158556,0.41071761178949445,18936993,0.4297841653810305
4803668,0.5250453916754134,1,4803668,0.5250453916754134,1700673,0.5497640044817488,4879801,0.5522017275785351
711391,0.306449934259978,1,711391,0.306449934259978,13975914,0.3816109560210037,8135396,0.3953772244209131
1264247,0.4906200593737469,1,1264247,0.4906200593737469,14604925,0.5124655850828272,11339447,0.5232433528572872
2634963,0.5797525274408134,0,6715039,0.5071214055926013,10690163,0.5156484798820057,10435086,0.5212377250223089
3675165,0.6931471805599466,0,5737236,0.48314140907696695,16130501,0.4844889662881079,12526909,0.4862103620298737
7334743,0.475591774666049,2,2803536,0.45598573217816984,7334743,0.475591774666049,11797366,0.47724112092487997
4622170,0.6262804994762892,0,3168895,0.5258218155364235,6474728,0.5292664350955081,642200,0.5322626969202587
214980,0.47589020711545416,1,214980,0.47589020711545416,14644890,0.5375082211444021,961253,0.5447320497147274
117514,0.28891501098984446,1,117514,0.28891501098984446,10237948,0.5452255702041483,13463875,0.548316500147873
3318459,0.43991110639265874,0,16432953,0.40044982063107387,8730360,0.41483170479037473,16746970,0.4244311149389644
17321166,0.6931471805599488,0,796891,0.5490674345570737,4449689,0.5652917390148349,2541691,0.5655401124761337
3613052,0.6283964364411159,0,17057211,0.3069156918250083,16375246,0.33134946267431925,8635855,0.37633289382126456
11110772,0.6332363434701223,0,12457651,0.5035200988922267,13276650,0.5223131398357334,18898121,0.5223131398357335
1381797,0.5657739587006149,0,8934483,0.4736287735776213,682299,0.5059936056763912,2784732,0.5211153511239527
16623147,0.26136780841028245,1,16623147,0.26136780841028245,8609938,0.29450135839654323,13263062,0.37950431608503854
3762087,0.5045232556160224,0,1311782,0.4985513568408956,3148942,0.500139742582279,1845795,0.502296550301315
2352516,0.5659162920463485,3,11542580,0.5586502780453514,12588512,0.5652397177900159,2352516,0.5659162920463485
4265086,0.4171734087048946,1,4265086,0.4171734087048946,2784836,0.5442153717312731,8774907,0.5511116471576311
443567,0.4713550007460742,2,1659408,0.4337543932988999,443567,0.4713550007460742,236695,0.5768626501223465
8877903,0.40513729475637367,1,8877903,0.40513729475637367,2581045,0.5070054554308885,13613216,0.507740899046013
231793,0.5754871357358589,0,5522988,0.5010207243109285,17942078,0.5128486283499846,9378186,0.515455182529217
4023532,0.33105447751931816,3,18415263,0.28725550503663627,10668125,0.30310014414495273,4023532,0.33105447751931816
1188448,0.5017927969586949,1,1188448,0.5017927969586949,7897282,0.5105796510097881,711391,0.5110071963664603
1744343,0.4005226640836773,1,1744343,0.4005226640836773,5606012,0.4960302387916963,5764272,0.4999978598715176
6574079,0.37916504085684977,1,6574079,0.37916504085684977,236695,0.43864227119959925,1721763,0.4514250970614881
3210710,0.47953944872503085,1,3210710,0.47953944872503085,496616,0.5025314567197045,6994193,0.5172262473982345
2113779,0.5051908251263271,0,12572785,0.2279027798178025,15351991,0.2279027798178025,5038061,0.305084070027277
13334512,0.5356634051662092,1,13334512,0.5356634051662092,5898477,0.5526690234631757,17480090,0.5565496047515982
16734713,0.5224798343463146,0,8944652,0.4743425608543163,3666362,0.47566631972121254,1311782,0.4898705638743426
2438241,0.4959468385281367,1,2438241,0.4959468385281367,3401101,0.5679261604348145,704843,0.5770756334746815
2045188,0.45298252837449715,1,2045188,0.45298252837449715,2830237,0.5023919323241606,186465,0.5040867730107728
1496938,0.524751178632674,1,1496938,0.524751178632674,8193083,0.5558063864337587,3540871,0.5724474726819623
1474278,0.6610848758942114,0,6694577,0.36920863890438776,8009654,0.36920863890438776,15803183,0.36920863890438776
13203312,0.5485641456121919,0,6840773,0.48297683449586226,2613621,0.5006976976015312,16542694,0.5036140787040482
13023087,0.6827955925521496,0,9998384,0.42994071956470314,12171540,0.452594456878045,15761348,0.46425725005184837
2558362,0.4698273561366412,1,2558362,0.4698273561366412,3352673,0.5441860547773044,13975914,0.549161128248121
1819989,0.5185821341574014,1,1819989,0.5185821341574014,2235589,0.596030795348016,2530951,0.596856519434368
1744719,0.550961866727772,1,1744719,0.550961866727772,6366509,0.5805374125127988,2783317,0.5812957150233053
16691635,0.5775751582177956,0,16402994,0.4820058541703256,9049864,0.482868297539952,18386592,0.48520568207790493
2651358,0.47367228827042945,1,2651358,0.47367228827042945,8651393,0.5047956418611006,1967486,0.5048356674265787
7932474,0.6536838521316449,0,2530951,0.5388639837025855,4839878,0.5400353622478973,4378022,0.5410956233504255
3554465,0.4107777228823284,1,3554465,0.4107777228823284,14871849,0.49132333889518615,4378022,0.5293855943323591
7626743,0.517962993846536,1,7626743,0.517962993846536,16360685,0.5202177185706542,8505995,0.5242362029448764
2867535,0.3789097869809685,1,2867535,0.3789097869809685,6527924,0.5211183530193731,17397889,0.533353102200811
3621375,0.5206833517421526,0,14439414,0.5060479871498693,18356291,0.512414130504913,11203194,0.513658492303325
3340878,0.6143377267456692,0,5971972,0.5217265691159323,11478318,0.5217265691159323,4437688,0.5261665737578197
13166447,0.4944900719149078,1,7168914,0.4481833407272663,12996833,0.4539406395382936,10268715,0.4722934290862151
17912605,0.483255251754186,1,17912605,0.483255251754186,13821051,0.5276730543549137,11981921,0.5390129518960889
157051,0.45472605417605927,1,157051,0.45472605417605927,1372907,0.5052060724208775,12896464,0.5120720603061556
361709,0.4435321694232574,1,361709,0.4435321694232574,18012841,0.5664968120002725,18825094,0.5664968120002725
1043616,0.5796838874931675,2,3107832,0.5717258286518712,1043616,0.5796838874931675,4049117,0.5867407773294295
1059927,0.35986176046763124,1,1059927,0.35986176046763124,1699461,0.49086591420222864,1315342,0.4947839524800562
2183008,0.48339883626384533,1,2183008,0.48339883626384533,1432692,0.5805937498666845,2532838,0.5910981602168915
6234481,0.5708492907177302,0,5634294,0.5183986717905784,1845795,0.521371255702233,2753343,0.5300520233739314
371836,0.33775703730705603,1,371836,0.33775703730705603,78144,0.47214649713046997,3493833,0.5477825494744394
1082963,0.41632244205236935,0,3408405,0.2978554772191375,11075240,0.34220009664611184,8785408,0.36364387194836334
1094380,0.5199189693892836,0,974621,0.4982628090787163,13975914,0.5021004949758335,2289762,0.5047966319654605
2122282,0.4990710895253191,1,9846662,0.5930411221846045,4879609,0.6046815908144343,5223057,0.6061711868898516
6979319,0.5654686741943546,0,2839869,0.46965554232241896,17655202,0.46965554232241896,4200602,0.46965554232241896
3128420,0.45215463953999563,1,3128420,0.45215463953999563,10697644,0.5462032167461023,4149563,0.5497714901389058
2135595,0.5169512163592115,0,8292467,0.5114889318063421,13351286,0.5134222578692039,14604925,0.516889804714631
4011541,0.4048629042029608,1,4011541,0.4048629042029608,1458578,0.5125967010593864,656642,0.5278412726457822
1130732,0.5050472359575311,1,1130732,0.5050472359575311,1848123,0.5835865469716348,2249592,0.5890105319364328
1517755,0.12681240623645568,1,1517755,0.12681240623645568,1857936,0.3725401846269832,6091910,0.3727512532440726
103707,0.3853451342186914,1,103707,0.3853451342186914,2756648,0.5278790244278649,16273715,0.5422960357994066
40078,0.44578431298618615,1,40078,0.44578431298618615,5549730,0.5511117185656148,20934,0.5554651171046862
13135802,0.5205102926262379,0,7696662,0.3901667331484008,2931146,0.3901667331484008,16357398,0.423527265471725
792334,0.5765364446004977,0,2951238,0.5441171547230723,2581045,0.5557183046474946,711391,0.5592003692153384
12227793,0.5299602922811689,1,12227793,0.5299602922811689,1586217,0.5793181298850378,2351272,0.5875936310226515
2709257,0.5226641482806212,1,2709257,0.5226641482806212,19028,0.5660136692691586,9890295,0.5683386725620413
583727,0.6158152489971813,0,14985896,0.5445381570491737,2581045,0.5447084204801431,12904913,0.5456898597163395
4035932,0.5199112151980088,0,2783317,0.5108276102048787,2939971,0.515997374354159,3500164,0.5171267460809591
1577878,0.4706869343668989,1,1577878,0.4706869343668989,4469613,0.5536529249920423,7592124,0.5539314025070784
967701,0.3817017418659517,1,967701,0.3817017418659517,3553099,0.4491568722851658,7877662,0.4909820560287819
2072494,0.48296043291887414,0,16576804,0.4510066200742546,13353220,0.4754957188911224,17284756,0.477232890241336
6046738,0.5754619115928916,0,16432953,0.4440681584827028,8730360,0.462693988988827,16746970,0.4652960855717959
147001,0.532162404904985,0,9356372,0.4187528191247383,8009654,0.4668810974551162,15803183,0.4668810974551162
2941252,0.3364826884104887,1,2941252,0.3364826884104887,4054662,0.5129077926353908,12528387,0.5292639969183267
5264701,0.49561346983045235,1,5264701,0.49561346983045235,14803472,0.5322359616223392,2383801,0.540470397135139
13101650,0.5000803965206846,2,1500013,0.49885698774610304,13101650,0.5000803965206846,4319413,0.5059280007670375
926926,0.5533809868661108,0,13975914,0.28418253081457057,3761151,0.35693060112189495,2037028,0.362858220269686
4021275,0.5093759498470445,1,7774085,0.5266425960665169,7709426,0.5267480843076837,3318344,0.5274257477385547
4717481,0.34392057642470975,1,4717481,0.34392057642470975,15972987,0.46094132115191405,6270377,0.4863171711159956
10072963,0.4730024024499037,1,10072963,0.4730024024499037,816235,0.5470877384405722,711391,0.5489787163486449
3929398,0.42220730824121827,0,17214336,0.3094615850302346,13938083,0.3094615850302346,17352204,0.3094615850302346
1446376,0.5250781141170553,1,1446376,0.5250781141170553,4531287,0.5294591644454101,2868725,0.53234393760224
1624044,0.4416574148869437,1,4842416,0.5514904220797836,37830,0.5548757490734725,472580,0.556234543273768
476321,0.6000410530477169,0,9192447,0.5762273172226319,4141368,0.5777192702395377,1007644,0.5805039960403165
1801284,0.38163565093960927,1,1801284,0.38163565093960927,12377780,0.568323849297993,12074342,0.568323849297993
2757861,0.611510033351342,0,14991072,0.5347078780972322,12759084,0.5418500049480365,5900808,0.5422752612408234
11447713,0.586293712057493,0,7516293,0.4438656545622676,11327106,0.47164957533487084,17187231,0.4717185806040134
2956608,0.507970601041517,1,2956608,0.507970601041517,2432542,0.5166908474174732,10021407,0.5170004135405216
1429928,0.5924972226094205,3,13340558,0.5284024961355387,3357252,0.5873225039013029,1429928,0.5924972226094205
723190,0.42921243775032897,1,723190,0.42921243775032897,2209878,0.496419303380452,4216857,0.49993422723596537
1658272,0.6057524582897125,0,13722899,0.5458900937984164,17619658,0.5542277818719918,12377780,0.5542277818719918
4095191,0.2424151109948475,1,4095191,0.2424151109948475,6412118,0.44508805309336447,11247868,0.5173525269164152
1611846,0.4537122019914949,0,12979134,0.42689979305547093,3256099,0.43520525423399864,2530951,0.44277543975924605
8431033,0.5461856119553066,0,16037305,0.47844775163914444,501542,0.48318606681553866,2922536,0.4864039309365782
7230475,0.6143269441385654,0,12606866,0.4540964657295367,16105114,0.4716313659122937,8425178,0.5358541476213199
9473085,0.5425351496319739,2,5391022,0.5390018759581431,9473085,0.5425351496319739,2581045,0.5518282793114135
1900405,0.5470657598682124,1,1900405,0.5470657598682124,3833619,0.5784716338078453,711391,0.5791542973383155
3350710,0.5919358144403103,2,18677211,0.5884064035563689,3350710,0.5919358144403103,8521861,0.5938015790118741
5368455,0.5648737735677277,0,4437688,0.49393204254256234,2209878,0.5130909331868977,2581045,0.5155590226934217
341317,0.4673630055367614,1,341317,0.4673630055367614,7001196,0.5027956583560981,1171022,0.5085225104481639
3759105,0.32449672208675423,1,3759105,0.32449672208675423,13975914,0.47802456274088323,1337671,0.4797271575444867
4099662,0.5764868138015903,0,12627287,0.534170511493124,2842332,0.5452575801189213,4488918,0.5539504622941763
435654,0.25294503448085515,1,435654,0.25294503448085515,17008643,0.4713952354201647,8305776,0.4713952354201647
2197351,0.5416802079520573,0,5091809,0.5133213425103925,8401127,0.5198576495506197,1949064,0.535009081889263
987197,0.3502152753590451,1,987197,0.3502152753590451,2145457,0.5270347759651776,711391,0.530352280581203
966302,0.3097172822436984,1,966302,0.3097172822436984,14410796,0.453195680619842,5345248,0.45319568061984206
691082,0.4388234479124,1,2485470,0.4968520532676546,6723347,0.5218117022850297,4506792,0.524212209232754
12234266,0.6550423113939755,0,2581045,0.5140400291243411,974621,0.5152912594241744,3187142,0.5201638708415629
3162221,0.545237370245175,1,3162221,0.545237370245175,11836549,0.5537611968639431,1946601,0.5554710437967982
2510801,0.4527742620480383,1,2510801,0.4527742620480383,4987028,0.5573951688423054,5229964,0.560616189433122
1114725,0.5121355579606752,1,1114725,0.5121355579606752,9909275,0.5936679166297132,8553755,0.6021824915902049
2301312,0.31958594565749443,1,2301312,0.31958594565749443,303458,0.4229815341078377,9520042,0.4502206595508186
669531,0.3517295229427267,1,669531,0.3517295229427267,4609214,0.5042136084957568,2271867,0.5081559923366138
15344466,0.6870356942815039,0,5119441,0.5130187871858053,6302806,0.5168579909376939,16242959,0.5184202053805542
1221674,0.5077798570617622,1,1221674,0.5077798570617622,5764272,0.5307462855637685,1163547,0.5404737355021948
1560404,0.544022373428407,1,1560404,0.544022373428407,14396822,0.5732289656520252,8875722,0.5748561989058693
555995,0.5954871893078069,1,555995,0.5954871893078069,15220450,0.6209217847518107,13562285,0.6240951191198569
364193,0.3980230926301281,1,364193,0.3980230926301281,4149050,0.5147419348066239,16286999,0.519329351294319
767888,0.4838689050199479,1,767888,0.4838689050199479,761302,0.5584530357729817,686022,0.5632286959353622
2359287,0.44091856938062807,1,2359287,0.44091856938062807,8388376,0.49381796301862085,11162576,0.6106012964687675
1393438,0.521758087374813,1,1393438,0.521758087374813,5129980,0.5415819050805046,8178430,0.5427313737500163
1145801,0.45980039333052286,1,1145801,0.45980039333052286,4378022,0.4831788405066279,14140944,0.4848670541462632
4805372,0.5029813364982813,1,410065,0.44491475035588546,16472095,0.46141388936400357,10183470,0.4794828355317513
1554674,0.5108451767113539,1,1554674,0.5108451767113539,3352673,0.5441758109638498,8136337,0.5446202148508609
2619094,0.4978381826035253,1,2619094,0.4978381826035253,1568787,0.5114654986924644,4879801,0.5147630308237335
2497060,0.48987565147187395,0,6211274,0.3392963991487585,16465106,0.3392963991487585,14313758,0.3392963991487585
4334948,0.27768593371941186,1,4334948,0.27768593371941186,13897701,0.3761592058856285,13019249,0.40332588789644147
3800126,0.3104917549966046,1,3800126,0.3104917549966046,7918600,0.43497424316186334,236695,0.47641117998170873
30011,0.41433364974823067,1,30011,0.41433364974823067,6736872,0.524311512912326,4954381,0.5331318344626418
16801033,0.47309948866686247,1,16801033,0.47309948866686247,17867508,0.5107767033930775,16412653,0.5107767033930775
12497285,0.5982708495334739,0,17499053,0.41898167271779857,18917050,0.46827304832085226,10806448,0.46827304832085226
2342266,0.6595920329404233,0,18140215,0.22362706783652556,14104330,0.2246274886953368,18580299,0.2246274886953368
14406339,0.6931471805599457,0,16754783,0.5020967886746639,8822046,0.5020967886746639,16342646,0.5020967886746639
6240146,0.5750341312753195,0,15686699,0.5104883476584006,16029577,0.5124009321123277,13262383,0.5142212540018904
1968537,0.6059207404024415,0,9016139,0.5194888859213838,12198654,0.5463421728945204,16750589,0.546424770116535
260106,0.5124384015738398,1,260106,0.5124384015738398,3473674,0.5326435485972022,2636319,0.5395391554360105
13024296,0.6754016403973856,0,13343016,0.5431840437094018,917673,0.5475328107005754,12122859,0.5501460216291691
1518888,0.604667090723172,0,18444856,0.5369472163391981,15079990,0.5369472163391982,13310580,0.5412390585254108
8865311,0.5371502189169154,0,6511884,0.36905221779601216,16986070,0.36905221779601216,12813706,0.36905221779601216
395467,0.6518203286283671,0,6124931,0.5340211835552315,5764607,0.5416256282150107,3520618,0.5463500877402075
4300547,0.6318700241348965,0,13427666,0.5543640511643828,15803989,0.5556199591019263,12435302,0.5704511277633917
435058,0.586941913512095,0,12577142,0.5527098771612491,18188900,0.5662359210425355,16123593,0.5666687622606392
2414998,0.49760232083598166,1,2414998,0.49760232083598166,5091809,0.5083523026052177,2530951,0.5152196788419235
2233276,0.37031931990259725,1,2233276,0.37031931990259725,17008643,0.4630174004192343,8305776,0.4630174004192343
3606095,0.30849420568664454,1,3606095,0.30849420568664454,15958765,0.5079175888459619,18177330,0.5105569037432864
6094223,0.5697468851466664,0,592025,0.5276336731580632,2404689,0.5501303720416166,16225625,0.5675221427384238
6254818,0.6508808626526453,0,6055416,0.4515557480270395,6801506,0.4546953999196858,13119472,0.4618712748236729
1417037,0.5663202401192187,0,1080631,0.5429307584939406,1060928,0.546430270869787,14660656,0.5507474622551362
816235,0.39602036369917687,1,816235,0.39602036369917687,2636319,0.46318492897391333,2830237,0.46960782184673305
25402,0.5298031884918507,1,1741294,0.5486339016831894,669531,0.561357329533303,18050570,0.5666222400197695
4429409,0.4071079854549762,1,4429409,0.4071079854549762,12765770,0.519904611997899,5448539,0.5244990715172044
5125894,0.5739477549579637,0,2338597,0.5232389962971696,4783312,0.5387630038818295,9645877,0.5401817719634302
1019326,0.5705903573560047,0,3637456,0.5097370375822325,5606012,0.515606976878274,2709572,0.5175670002971817
377137,0.3323223552785964,1,377137,0.3323223552785964,8282871,0.438938490735669,14984611,0.438938490735669
2984972,0.5306280837933538,1,2984972,0.5306280837933538,6580979,0.5899836075248299,505503,0.5914768764782089
2172805,0.525669933058336,1,2172805,0.525669933058336,4879801,0.5289713925538432,236695,0.5453009634678319
3259612,0.5064901122231644,0,13975914,0.4645941232398835,4225131,0.47643505637572114,974621,0.4808140029895169
4988134,0.6854150196607908,0,6911854,0.592650268868682,2230033,0.5955987609394611,157016,0.6018592976834486
2808328,0.5972585315658471,0,12689326,0.503428428662733,10668125,0.514954406950255,14598311,0.5226850827562691
980014,0.5778591507401476,3,6499081,0.5755513012847437,170610,0.576259565090535,980014,0.5778591507401476
2254827,0.5057640259270004,1,2254827,0.5057640259270004,2218526,0.5954103210582131,4657693,0.5972904276765177
2916649,0.45602816731565976,1,2916649,0.45602816731565976,4858570,0.5637530117419147,3337048,0.5637635684245257
49709,0.5908765761833721,0,170610,0.5376998289176743,2146755,0.5496358207884019,285225,0.5497138381930916
1330676,0.4584477367554778,1,1330676,0.4584477367554778,8127217,0.5035580988328667,15598947,0.512739239631406
5329924,0.3362227059878126,1,5329924,0.3362227059878126,5844219,0.5361779144480935,415998,0.5375297679308312
6640910,0.5144534840422135,1,6640910,0.5144534840422135,4460672,0.5152001994737135,3578248,0.5207094436743914
215554,0.46255853322256274,1,215554,0.46255853322256274,236695,0.47715831349015486,4378022,0.4813828178027284
3056792,0.5505727029567888,2,2145457,0.5439204176315495,3056792,0.5505727029567888,3148942,0.5567401566004125
579345,0.5543239614756348,0,12377780,0.24529740618726306,17619658,0.24529740618726306,12074342,0.24529740618726306
3092219,0.5635828745816751,0,6694577,0.48251070728775347,10600033,0.48251070728775347,15803183,0.48251070728775347
3479932,0.42418671590640616,1,3479932,0.42418671590640616,12979134,0.4941101781280146,768772,0.49787470952295065
2642245,0.6443003117199114,0,15766590,0.46170679160722833,18027314,0.4770278260564517,16276596,0.4823789164874292
1137983,0.5186266746194893,1,1137983,0.5186266746194893,4846844,0.5444490913522826,2209878,0.5542758027070975
5683049,0.5543937110456577,0,16542694,0.4104401946272439,9424852,0.4351447364683691,5950860,0.4355708986256203
266804,0.5482739231281021,3,13687290,0.49496898621280594,11345161,0.5416910298088115,6747322,0.5492016614896941
6345063,0.5773223142332604,0,14934089,0.44604106506924435,5950717,0.49671196933116835,18303780,0.4997190332925964
999704,0.4794686690833587,1,999704,0.4794686690833587,4419251,0.5568652445835336,2037028,0.5574250598329924
1993827,0.3994473084742251,1,1993827,0.3994473084742251,717380,0.4412195600175753,8568993,0.4476299163984676
257689,0.45885650920493026,1,257689,0.45885650920493026,2530951,0.472330696858753,2636319,0.47542688526286647
3207807,0.45784086831234366,1,3207807,0.45784086831234366,4839878,0.4808977232043473,2530951,0.4874680865945459
280313,0.600464276695071,2,2555916,0.5978697132037892,280313,0.600464276695071,14053144,0.6055770145860816
2110874,0.3997802986455269,1,2110874,0.3997802986455269,4839878,0.4759379540932655,38668,0.49135949733291256
2122680,0.5781680005988272,3,8306714,0.5712531827892982,3411711,0.5750992055800489,2122680,0.5781680005988272
16874157,0.6931471805599447,0,840732,0.5445523274916446,8661105,0.5464644679254248,3871804,0.5524887198133989
1348643,0.6511552972553931,0,1505614,0.5199137960753712,16896359,0.5243196238509668,637581,0.5251225897511251
15057624,0.6350522081350065,0,18385990,0.5986245758286979,7024942,0.5986245758286979,16079704,0.5986245758286979
1166406,0.4804941630469615,2,3530101,0.476318140715063,1166406,0.4804941630469615,731796,0.4894533101219841
1910327,0.3878217480783742,1,1910327,0.3878217480783742,2784836,0.4869438357851817,17693824,0.5021855431130059
1467394,0.44212422718606414,1,1467394,0.44212422718606414,2413887,0.5894981901228781,364193,0.6006149322011707
497841,0.6157913830645193,0,5606681,0.5446195345604254,8127217,0.5455449650643848,2867963,0.5546956193574344
14953458,0.529860741009317,1,14953458,0.529860741009317,3006162,0.5627904443152375,763570,0.5639594068732985
3062300,0.5863338236522626,1,3062300,0.5863338236522626,1783194,0.6319440166814109,1549137,0.642378326768042
7053745,0.43532131428957477,1,7053745,0.43532131428957477,8887221,0.5294872745155709,1517755,0.5323554205639864
9923088,0.49994848356774774,1,9923088,0.49994848356774774,2612692,0.5387998810294529,2237930,0.5429040349213359
763056,0.5094537979934396,2,11712558,0.5618287030163046,17421298,0.5618287030163046,6093434,0.5730831915177806
3546646,0.5458842242958544,2,4849585,0.5315566670866427,5323366,0.5414124815067838,8190813,0.5436510453831798
1018784,0.30604767457005844,1,1018784,0.30604767457005844,5464369,0.5691193685864994,9929936,0.5733015164833595
238618,0.5343232872630014,0,5391022,0.5119850035215934,14604925,0.5197620085363143,11730687,0.5213870329136348
5790732,0.541763279525701,1,5790732,0.541763279525701,689557,0.5736358428464678,774599,0.5827730700229423
1576566,0.5794514173808429,0,2246402,0.5659592735408906,9617740,0.5665912641256897,4589626,0.575580451108737
5299203,0.5177853939529696,1,5299203,0.5177853939529696,13398376,0.5468858318976011,11132354,0.5477765977168687
1890349,0.33322514380415885,1,1890349,0.33322514380415885,3238051,0.4199063121376448,5295156,0.4406056402313344
3587671,0.38399389298386566,1,3587671,0.38399389298386566,12982414,0.4683923659800491,4516898,0.4683923659800491
3223920,0.4381070637311549,1,3223920,0.4381070637311549,17304851,0.5116761541536385,12952039,0.5308290257164663
1007644,0.40424507934098175,1,1007644,0.40424507934098175,236695,0.4799046815678938,881500,0.49306095915956505
4776503,0.5557300144327844,0,5129980,0.48401346397627654,699537,0.4876121121321107,3623775,0.49241842481543574
3717968,0.4565053946866995,1,3717968,0.4565053946866995,10242813,0.5128512308521225,10315711,0.5244418398605437
7098635,0.43804287659951463,1,16601246,0.34038017356866795,15287104,0.3763216239992068,13331168,0.38403461914827647
14839646,0.5705158818101536,1,14839646,0.5705158818101536,4987028,0.5767344833748819,2975777,0.5824799441723327
4517678,0.48676591901997224,0,7966037,0.4232381789475857,11888986,0.4558315653288596,12344085,0.4691711473481221
2738555,0.4819329727908749,1,2738555,0.4819329727908749,16898627,0.5232459072417922,4583269,0.5242413270820009
1490552,0.5055240806236484,1,1490552,0.5055240806236484,236695,0.5316172011733468,2169941,0.5452961485229466
1056746,0.6104364498615881,0,2158667,0.579109481117169,2943106,0.5883617542788008,3225164,0.5892490720118058
4399404,0.5689916783748168,0,4203838,0.5645310661001012,2299727,0.5662342987386434,823924,0.5671597804088806
5542279,0.5902219444508569,0,5606012,0.5556821328864732,1115906,0.5566769984445794,2289762,0.5580818070491019
733618,0.5922020447825743,0,11836549,0.5596186283958198,3152121,0.5625907685721984,4225131,0.5635570366973824
1585053,0.4871737544079375,1,1585053,0.4871737544079375,10177372,0.5457218227701726,330470,0.5462459952685423
5320556,0.6539959819641282,0,10852522,0.5873426522914172,6818422,0.5888364817815382,9002849,0.5922956686996885
1955298,0.5766723299576472,0,12499851,0.4637882606190429,5087189,0.4847069496276526,1876949,0.5026676460663961
2853673,0.45946891099698434,1,2853673,0.45946891099698434,2063361,0.5237706346953559,5613531,0.5514375668454775
3250914,0.5150224881638232,1,3250914,0.5150224881638232,1531170,0.5527372564624682,13030163,0.5598992117908801
11112007,0.5527188925409388,0,2359167,0.5337858089410528,5323366,0.5384868017244279,16536165,0.5418142382270172
3865529,0.6108620752089758,0,1705732,0.44236108943372665,17187231,0.46458955911964367,18835961,0.4766609376483949
393660,0.3834905778477117,1,393660,0.3834905778477117,2530951,0.4521169555444661,2636319,0.461196723263779
1822879,0.4519750460806391,2,13975914,0.44983717550824776,1822879,0.4519750460806391,8883220,0.4576024352080827
4683870,0.501808647714159,0,11796331,0.4137992884416906,9000782,0.41379928844169067,8102317,0.44334105683832153
1971607,0.5509134998248313,0,6650324,0.49559760215755905,6313356,0.5105348876102763,16047321,0.5173868922927376
700766,0.022020156720726877,1,700766,0.022020156720726877,2148421,0.2852103227741451,17074615,0.29589278503505395
14376150,0.5752388094278796,0,16413221,0.36613068155262224,10745952,0.37764900229157555,16637752,0.3776490022915756
2266494,0.32473084655954604,1,2266494,0.32473084655954604,14771869,0.5106679447454738,17448506,0.5125455286758076
4379649,0.47658777162325944,1,4379649,0.47658777162325944,2530951,0.5243627868084492,10578079,0.5245067040477807
16082016,0.4888031888675247,1,16082016,0.4888031888675247,2135998,0.515040379321983,17367917,0.5187414125167057
699389,0.5360554848230338,1,699389,0.5360554848230338,16098058,0.5489079732943254,6697806,0.5521718804496177
3610850,0.48744129790153773,0,2385680,0.5008312115155232,3090619,0.5025415567694558,199990,0.5066502081380642
3194960,0.49499604945978337,1,3194960,0.49499604945978337,9684682,0.5366733705439191,2627875,0.5503341598091623
2102894,0.37072460548951364,1,2102894,0.37072460548951364,2512980,0.5019003073662244,1214401,0.5163557223309718
2268022,0.5027757532753921,2,16010178,0.466639889296164,2268022,0.5027757532753921,777715,0.5286521083709762
3463925,0.5889621531182715,0,595577,0.400557706776617,2581045,0.4852799813618475,11730687,0.4979015612161824
1750999,0.5607920767847133,1,1750999,0.5607920767847133,4904233,0.5969052251417253,1568787,0.598291100170151
5929427,0.4435276930610171,1,5929427,0.4435276930610171,8726235,0.4584265540168963,12957646,0.548135036502102
2323732,0.5714112991135936,0,498574,0.566727061141755,1854617,0.569202409788422,7162377,0.5703616788166996
3906113,0.4971195342541863,1,3906113,0.4971195342541863,16250724,0.5092164075856346,17284756,0.5101407564391275
2722724,0.48264999563279076,0,8045803,0.4446159136952937,18761373,0.47585859349556936,5419888,0.47620699130485755
671641,0.44722490010577826,1,1409141,0.4864043686304024,1007644,0.5035465519539819,2530951,0.5039964825469613
11957407,0.5789426505864501,0,8084924,0.49082680633030557,1931315,0.5109843092151256,2458386,0.5302879503645823
3490217,0.5318677823440601,1,3490217,0.5318677823440601,289909,0.5507534816759144,370431,0.554507546554456
1029470,0.28798748196495444,1,5764272,0.5400953891118292,3152121,0.5404794845233508,236695,0.5412911556181791
41375,0.4714520559562479,1,41375,0.4714520559562479,11747571,0.5494027123838142,9127419,0.5543680657833931
292860,0.49134595150901866,0,18357827,0.44511917879066293,18831749,0.45588866712426374,14553379,0.47085871433728566
2959305,0.32709019804634376,1,2959305,0.32709019804634376,7484116,0.4175319184138109,15376204,0.4421320612872851
3472343,0.4658458741845419,3,2530951,0.43904581002512555,2830237,0.45737541285649935,3472343,0.4658458741845419
16121975,0.41553673048732964,1,16121975,0.41553673048732964,2581045,0.4748103847177555,5391022,0.4814596161435269
6715004,0.49866227443323247,1,6715004,0.49866227443323247,8401127,0.5240764368438335,5725977,0.5282206562907831
2592137,0.25629173380469106,1,2592137,0.25629173380469106,15063451,0.3765355589310304,2677801,0.5209959193377451
956953,0.568142383655554,0,17165838,0.37657779143891656,9426286,0.38735201183647755,15150412,0.39081254654820446
1765846,0.576321464201903,2,1554600,0.5559864998778249,1765846,0.576321464201903,5954202,0.5993141751164087
601708,0.5883692291766013,0,10468544,0.4532213122184181,12222305,0.47962086927237146,500362,0.48513555769665795
18289783,0.5501979828968128,0,13820,0.5044653172661503,945645,0.5186158511629607,6133881,0.519981382639012
5708545,0.5294197437548073,1,6694577,0.43068084098257026,8009654,0.43068084098257026,15803183,0.43068084098257026
3121902,0.3702327387621786,1,3121902,0.3702327387621786,1164108,0.504940605060303,8819114,0.5128113356845998
285826,0.5332685068690812,0,18557788,0.4663772685588165,17101517,0.47928477538828324,18086772,0.4985587254758964
2322296,0.47265681460448233,1,2322296,0.47265681460448233,16322601,0.5399266701581003,15803183,0.5409937637067173
258556,0.6725921060453333,0,10192075,0.5934690011339502,9174009,0.5958977335145862,17141068,0.5983441184168513
1835420,0.4726910285409071,1,1835420,0.4726910285409071,917673,0.5300165941698431,3122673,0.5306327237499155
180686,0.5380337861282152,2,3809903,0.5327570818218527,180686,0.5380337861282152,3261386,0.5438571304978844
3256219,0.5597595588845277,0,186862,0.45466069865818715,13016432,0.45466069865818715,6613885,0.499895040894585
10215171,0.46580551620792826,1,12068600,0.4088029983216427,12060707,0.47400522878839346,8986049,0.4759577265253903
1611540,0.5390736838531639,1,1611540,0.5390736838531639,18673003,0.5797242599566372,11113323,0.5930341436871972
1316538,0.3140562067965697,1,1316538,0.3140562067965697,4392765,0.33036264782961333,1643322,0.3557900212904808
3107884,0.4902529310379908,0,12466029,0.46100039489902456,18066130,0.4667515607646832,18840534,0.4667515607646832
803195,0.4754344190047482,2,16869928,0.4652195128655208,803195,0.4754344190047482,17843545,0.48361175109718135
561148,0.5809816455872612,0,2594132,0.5717111638201898,3152121,0.5763979535346092,2988892,0.5795141193600362
11670851,0.5852319064193546,0,2037028,0.4980343835065399,518176,0.4997397644547823,4952231,0.5004840564802866
1912851,0.30732372189862306,1,1912851,0.30732372189862306,8165944,0.4819896346941471,14300713,0.5281965503679992
327727,0.3703898656704205,1,327727,0.3703898656704205,4448193,0.5446623372346308,14524684,0.54895574293534
1283956,0.598330717487723,0,18338699,0.5630444198391631,3262327,0.563891611463074,3754031,0.5714891040614231
1991127,0.5740461179473801,0,14699393,0.5105251791399741,10600033,0.511974948456202,15803183,0.511974948456202
3433800,0.44880381053874424,1,3433800,0.44880381053874424,2756648,0.5564813082866474,7258935,0.5570233481615952
1524276,0.5213590540885826,1,1524276,0.5213590540885826,403200,0.5517813701024271,16792331,0.5569387708368568
5294118,0.2966159463966091,1,5294118,0.2966159463966091,1307741,0.3566495956682693,16305271,0.4124710487456823
16971356,0.5398117012112339,0,9827348,0.4069566236281317,17808852,0.43222654768018764,11142196,0.4384102767228562
1138128,0.31424670054990816,1,1138128,0.31424670054990816,18671846,0.48749954729485756,5412426,0.48749954729485756
5245399,0.5596082472811986,0,7319097,0.2959452605998618,4628606,0.32428914050234126,10771138,0.33293796205709714
